start_time,end_time,run_time,program_string,n_samples,n_clusters,threshold,result,exit_code,signal,hostname,OO_Info_runtime,OO_Info_lpd
1727707931,1727708995,1064,module load GCCcore/10.3.0 Python && source /data/horse/ws/s4122485-compPerfDD/benchmark/venv/bin/activate && python main_omniopt.py PokerHand 1000 SemiParametricLogLikelihood n_samples 174 n_clusters 1 threshold 0.021859832562506197,174,1,0.021859832562506197,0.2873842257597684,0,None,i7181,998,8.724604203118251e-05
1727707945,1727709064,1119,module load GCCcore/10.3.0 Python && source /data/horse/ws/s4122485-compPerfDD/benchmark/venv/bin/activate && python main_omniopt.py PokerHand 1000 SemiParametricLogLikelihood n_samples 144 n_clusters 2 threshold 0.046153057217597965,144,2,0.046153057217597965,0.29381331403762667,0,None,i7174,1067,7.340266417080894e-05
1727707931,1727709130,1199,module load GCCcore/10.3.0 Python && source /data/horse/ws/s4122485-compPerfDD/benchmark/venv/bin/activate && python main_omniopt.py PokerHand 1000 SemiParametricLogLikelihood n_samples 177 n_clusters 3 threshold 0.03608728207647801,177,3,0.03608728207647801,0.2882706222865412,0,None,i7181,1134,8.805792113498338e-05
1727707931,1727709175,1244,module load GCCcore/10.3.0 Python && source /data/horse/ws/s4122485-compPerfDD/benchmark/venv/bin/activate && python main_omniopt.py PokerHand 1000 SemiParametricLogLikelihood n_samples 157 n_clusters 2 threshold 0.021132925234735013,157,2,0.021132925234735013,0.28487698986975396,0,None,i7181,1179,8.254832444762454e-05
1727707913,1727709293,1380,module load GCCcore/10.3.0 Python && source /data/horse/ws/s4122485-compPerfDD/benchmark/venv/bin/activate && python main_omniopt.py PokerHand 1000 SemiParametricLogLikelihood n_samples 214 n_clusters 3 threshold 0.05187725581601263,214,3,0.05187725581601263,0.292883502170767,0,None,i7186,1373,0.00010668722574504496
1727707931,1727709352,1421,module load GCCcore/10.3.0 Python && source /data/horse/ws/s4122485-compPerfDD/benchmark/venv/bin/activate && python main_omniopt.py PokerHand 1000 SemiParametricLogLikelihood n_samples 130 n_clusters 4 threshold 0.012340871512889862,130,4,0.012340871512889862,0.28902677279305355,0,None,i7181,1357,7.192930378807466e-05
1727707913,1727709701,1788,module load GCCcore/10.3.0 Python && source /data/horse/ws/s4122485-compPerfDD/benchmark/venv/bin/activate && python main_omniopt.py PokerHand 1000 SemiParametricLogLikelihood n_samples 401 n_clusters 1 threshold 0.011563403718173505,401,1,0.011563403718173505,0.2976640135069947,0,None,i7186,1781,0.00021612379588996242
1727707931,1727709790,1859,module load GCCcore/10.3.0 Python && source /data/horse/ws/s4122485-compPerfDD/benchmark/venv/bin/activate && python main_omniopt.py PokerHand 1000 SemiParametricLogLikelihood n_samples 329 n_clusters 3 threshold 0.022027021944522857,329,3,0.022027021944522857,0.29646164978292333,0,None,i7181,1794,0.0001805153448809633
1727707893,1727710060,2167,module load GCCcore/10.3.0 Python && source /data/horse/ws/s4122485-compPerfDD/benchmark/venv/bin/activate && python main_omniopt.py PokerHand 1000 SemiParametricLogLikelihood n_samples 713 n_clusters 1 threshold 0.0654406889975071,713,1,0.0654406889975071,0.31594187168355037,0,None,i7186,2160,0.00034516297980842123
1727707893,1727710177,2284,module load GCCcore/10.3.0 Python && source /data/horse/ws/s4122485-compPerfDD/benchmark/venv/bin/activate && python main_omniopt.py PokerHand 1000 SemiParametricLogLikelihood n_samples 707 n_clusters 1 threshold 0.044456088542938234,707,1,0.044456088542938234,0.31712855764592374,0,None,i7186,2276,0.0003518490308420997
1727707945,1727710190,2245,module load GCCcore/10.3.0 Python && source /data/horse/ws/s4122485-compPerfDD/benchmark/venv/bin/activate && python main_omniopt.py PokerHand 1000 SemiParametricLogLikelihood n_samples 517 n_clusters 3 threshold 0.034224412277340896,517,3,0.034224412277340896,0.3104377713458756,0,None,i7174,2194,0.00027408351842249856
1727707893,1727710353,2460,module load GCCcore/10.3.0 Python && source /data/horse/ws/s4122485-compPerfDD/benchmark/venv/bin/activate && python main_omniopt.py PokerHand 1000 SemiParametricLogLikelihood n_samples 547 n_clusters 3 threshold 0.04976228702440858,547,3,0.04976228702440858,0.31159551374819106,0,None,i7186,2453,0.0002800401876304643
1727707931,1727710431,2500,module load GCCcore/10.3.0 Python && source /data/horse/ws/s4122485-compPerfDD/benchmark/venv/bin/activate && python main_omniopt.py PokerHand 1000 SemiParametricLogLikelihood n_samples 583 n_clusters 2 threshold 0.003696701992303133,583,2,0.003696701992303133,0.31761698022190066,0,None,i7181,2435,0.0003122063397027217
1727707898,1727710484,2586,module load GCCcore/10.3.0 Python && source /data/horse/ws/s4122485-compPerfDD/benchmark/venv/bin/activate && python main_omniopt.py PokerHand 1000 SemiParametricLogLikelihood n_samples 640 n_clusters 3 threshold 0.03377520791813732,640,3,0.03377520791813732,0.31624698504582727,0,None,i7186,2579,0.000317592098915886
1727707913,1727710497,2584,module load GCCcore/10.3.0 Python && source /data/horse/ws/s4122485-compPerfDD/benchmark/venv/bin/activate && python main_omniopt.py PokerHand 1000 SemiParametricLogLikelihood n_samples 439 n_clusters 4 threshold 0.006746745381504298,439,4,0.006746745381504298,0.3115581283164496,0,None,i7186,2575,0.00023863033543572383
1727707913,1727710561,2648,module load GCCcore/10.3.0 Python && source /data/horse/ws/s4122485-compPerfDD/benchmark/venv/bin/activate && python main_omniopt.py PokerHand 1000 SemiParametricLogLikelihood n_samples 688 n_clusters 2 threshold 0.028847997173666956,688,2,0.028847997173666956,0.3184635793535938,0,None,i7186,2641,0.0003494701279607061
1727707931,1727710730,2799,module load GCCcore/10.3.0 Python && source /data/horse/ws/s4122485-compPerfDD/benchmark/venv/bin/activate && python main_omniopt.py PokerHand 1000 SemiParametricLogLikelihood n_samples 890 n_clusters 1 threshold 0.013299170654267074,890,1,0.013299170654267074,0.33192474674384953,0,None,i7181,2735,0.0004533038546308549
1727707898,1727711262,3364,module load GCCcore/10.3.0 Python && source /data/horse/ws/s4122485-compPerfDD/benchmark/venv/bin/activate && python main_omniopt.py PokerHand 1000 SemiParametricLogLikelihood n_samples 899 n_clusters 4 threshold 0.05759616680815816,899,4,0.05759616680815816,0.3288615533043898,0,None,i7186,3357,0.00044272270399927895
1727707913,1727711272,3359,module load GCCcore/10.3.0 Python && source /data/horse/ws/s4122485-compPerfDD/benchmark/venv/bin/activate && python main_omniopt.py PokerHand 1000 SemiParametricLogLikelihood n_samples 903 n_clusters 4 threshold 0.05563573236763478,903,4,0.05563573236763478,0.32858900144717795,0,None,i7186,3352,0.0004451853501057554
1727712056,1727714503,2447,module load GCCcore/10.3.0 Python && source /data/horse/ws/s4122485-compPerfDD/benchmark/venv/bin/activate && python main_omniopt.py PokerHand 1000 SemiParametricLogLikelihood n_samples 539 n_clusters 3 threshold 0.024319674901664257,539,3,0.024319674901664257,0.30985769416304876,0,None,i7186,2398,0.00028554382284788713
1727714729,1727715884,1155,module load GCCcore/10.3.0 Python && source /data/horse/ws/s4122485-compPerfDD/benchmark/venv/bin/activate && python main_omniopt.py PokerHand 1000 SemiParametricLogLikelihood n_samples 221 n_clusters 1 threshold 0.028801910261141303,221,1,0.028801910261141303,0.29341895803183793,0,None,i7174,1138,0.00011214254353285455
1727714690,1727715899,1209,module load GCCcore/10.3.0 Python && source /data/horse/ws/s4122485-compPerfDD/benchmark/venv/bin/activate && python main_omniopt.py PokerHand 1000 SemiParametricLogLikelihood n_samples 174 n_clusters 2 threshold 0.022999653547360083,174,2,0.022999653547360083,0.2875048239266763,0,None,i7181,1154,8.735253901380985e-05
1727714729,1727715905,1176,module load GCCcore/10.3.0 Python && source /data/horse/ws/s4122485-compPerfDD/benchmark/venv/bin/activate && python main_omniopt.py PokerHand 1000 SemiParametricLogLikelihood n_samples 128 n_clusters 2 threshold 0.01714841675874402,128,2,0.01714841675874402,0.2877267245537868,0,None,i7174,1160,6.980189272080578e-05
1727714729,1727715918,1189,module load GCCcore/10.3.0 Python && source /data/horse/ws/s4122485-compPerfDD/benchmark/venv/bin/activate && python main_omniopt.py PokerHand 1000 SemiParametricLogLikelihood n_samples 155 n_clusters 2 threshold 0.022489007668486397,155,2,0.022489007668486397,0.2842305836951279,0,None,i7174,1173,8.219923530068745e-05
1727714690,1727715934,1244,module load GCCcore/10.3.0 Python && source /data/horse/ws/s4122485-compPerfDD/benchmark/venv/bin/activate && python main_omniopt.py PokerHand 1000 SemiParametricLogLikelihood n_samples 100 n_clusters 1 threshold 0.009466189653775818,100,1,0.009466189653775818,0.28267848528702366,0,None,i7181,1189,5.945752681838895e-05
1727714671,1727715950,1279,module load GCCcore/10.3.0 Python && source /data/horse/ws/s4122485-compPerfDD/benchmark/venv/bin/activate && python main_omniopt.py PokerHand 1000 SemiParametricLogLikelihood n_samples 166 n_clusters 2 threshold 0.012920952688617125,166,2,0.012920952688617125,0.2894983116256633,0,None,i7186,1272,8.542553118082071e-05
1727714660,1727716030,1370,module load GCCcore/10.3.0 Python && source /data/horse/ws/s4122485-compPerfDD/benchmark/venv/bin/activate && python main_omniopt.py PokerHand 1000 SemiParametricLogLikelihood n_samples 100 n_clusters 1 threshold 0.002,100,1,0.002,0.28348046309696096,0,None,i7186,1363,6.271873540576748e-05
1727714729,1727716031,1302,module load GCCcore/10.3.0 Python && source /data/horse/ws/s4122485-compPerfDD/benchmark/venv/bin/activate && python main_omniopt.py PokerHand 1000 SemiParametricLogLikelihood n_samples 100 n_clusters 3 threshold 0.02496542352038436,100,3,0.02496542352038436,0.28116739025566806,0,None,i7174,1286,5.875647047457274e-05
1727714651,1727716033,1382,module load GCCcore/10.3.0 Python && source /data/horse/ws/s4122485-compPerfDD/benchmark/venv/bin/activate && python main_omniopt.py PokerHand 1000 SemiParametricLogLikelihood n_samples 100 n_clusters 2 threshold 0.009881738887721592,100,2,0.009881738887721592,0.28301133622768937,0,None,i7186,1367,5.966301082797107e-05
1727714687,1727716038,1351,module load GCCcore/10.3.0 Python && source /data/horse/ws/s4122485-compPerfDD/benchmark/venv/bin/activate && python main_omniopt.py PokerHand 1000 SemiParametricLogLikelihood n_samples 143 n_clusters 1 threshold 0.002,143,1,0.002,0.2986119150988905,0,None,i7181,1294,8.239101236249444e-05
1727714671,1727716053,1382,module load GCCcore/10.3.0 Python && source /data/horse/ws/s4122485-compPerfDD/benchmark/venv/bin/activate && python main_omniopt.py PokerHand 1000 SemiParametricLogLikelihood n_samples 100 n_clusters 2 threshold 0.017213401230594574,100,2,0.017213401230594574,0.2819717800289435,0,None,i7186,1374,5.887291028333195e-05
1727714651,1727716069,1418,module load GCCcore/10.3.0 Python && source /data/horse/ws/s4122485-compPerfDD/benchmark/venv/bin/activate && python main_omniopt.py PokerHand 1000 SemiParametricLogLikelihood n_samples 100 n_clusters 3 threshold 0.02036349587183326,100,3,0.02036349587183326,0.28143150024119634,0,None,i7186,1404,5.889534105262909e-05
1727714729,1727716079,1350,module load GCCcore/10.3.0 Python && source /data/horse/ws/s4122485-compPerfDD/benchmark/venv/bin/activate && python main_omniopt.py PokerHand 1000 SemiParametricLogLikelihood n_samples 100 n_clusters 2 threshold 0.002,100,2,0.002,0.2835335262904004,0,None,i7174,1334,6.313497314055476e-05
1727714687,1727716113,1426,module load GCCcore/10.3.0 Python && source /data/horse/ws/s4122485-compPerfDD/benchmark/venv/bin/activate && python main_omniopt.py PokerHand 1000 SemiParametricLogLikelihood n_samples 100 n_clusters 3 threshold 0.013247467730060856,100,3,0.013247467730060856,0.2824421128798842,0,None,i7181,1368,5.964753175751729e-05
1727714690,1727716123,1433,module load GCCcore/10.3.0 Python && source /data/horse/ws/s4122485-compPerfDD/benchmark/venv/bin/activate && python main_omniopt.py PokerHand 1000 SemiParametricLogLikelihood n_samples 100 n_clusters 4 threshold 0.05635717782553469,100,4,0.05635717782553469,0.280383502170767,0,None,i7181,1378,5.8072591922441416e-05
1727714690,1727716124,1434,module load GCCcore/10.3.0 Python && source /data/horse/ws/s4122485-compPerfDD/benchmark/venv/bin/activate && python main_omniopt.py PokerHand 1000 SemiParametricLogLikelihood n_samples 100 n_clusters 3 threshold 0.016749433768033,100,3,0.016749433768033,0.2819380125422094,0,None,i7181,1379,5.920039930826454e-05
1727714660,1727716151,1491,module load GCCcore/10.3.0 Python && source /data/horse/ws/s4122485-compPerfDD/benchmark/venv/bin/activate && python main_omniopt.py PokerHand 1000 SemiParametricLogLikelihood n_samples 100 n_clusters 4 threshold 0.03978845346156556,100,4,0.03978845346156556,0.28052219006271106,0,None,i7186,1484,5.852190235053901e-05
1727714690,1727716158,1468,module load GCCcore/10.3.0 Python && source /data/horse/ws/s4122485-compPerfDD/benchmark/venv/bin/activate && python main_omniopt.py PokerHand 1000 SemiParametricLogLikelihood n_samples 100 n_clusters 4 threshold 0.02696394883450679,100,4,0.02696394883450679,0.28123371924746743,0,None,i7181,1413,5.883728110579269e-05
1727714660,1727716169,1509,module load GCCcore/10.3.0 Python && source /data/horse/ws/s4122485-compPerfDD/benchmark/venv/bin/activate && python main_omniopt.py PokerHand 1000 SemiParametricLogLikelihood n_samples 100 n_clusters 2 threshold 0.002,100,2,0.002,0.2835262904003859,0,None,i7186,1502,6.313633917604928e-05
1727714690,1727716208,1518,module load GCCcore/10.3.0 Python && source /data/horse/ws/s4122485-compPerfDD/benchmark/venv/bin/activate && python main_omniopt.py PokerHand 1000 SemiParametricLogLikelihood n_samples 146 n_clusters 2 threshold 0.002,146,2,0.002,0.296810178485287,0,None,i7181,1463,8.614519864019098e-05
1727715930,1727717213,1283,module load GCCcore/10.3.0 Python && source /data/horse/ws/s4122485-compPerfDD/benchmark/venv/bin/activate && python main_omniopt.py PokerHand 1000 SemiParametricLogLikelihood n_samples 100 n_clusters 3 threshold 0.030008607256885957,100,3,0.030008607256885957,0.2805342498794018,0,None,i7174,1277,5.8631664489403505e-05
1727715951,1727717244,1293,module load GCCcore/10.3.0 Python && source /data/horse/ws/s4122485-compPerfDD/benchmark/venv/bin/activate && python main_omniopt.py PokerHand 1000 SemiParametricLogLikelihood n_samples 100 n_clusters 4 threshold 0.07,100,4,0.07,0.27965870718765073,0,None,i7174,1287,5.7750217109639506e-05
1727715922,1727717294,1372,module load GCCcore/10.3.0 Python && source /data/horse/ws/s4122485-compPerfDD/benchmark/venv/bin/activate && python main_omniopt.py PokerHand 1000 SemiParametricLogLikelihood n_samples 100 n_clusters 4 threshold 0.029674144489760586,100,4,0.029674144489760586,0.28068017366136033,0,None,i7181,1365,5.874922580640283e-05
1727716211,1727717329,1118,module load GCCcore/10.3.0 Python && source /data/horse/ws/s4122485-compPerfDD/benchmark/venv/bin/activate && python main_omniopt.py PokerHand 1000 SemiParametricLogLikelihood n_samples 100 n_clusters 1 threshold 0.04086426414442911,100,1,0.04086426414442911,0.27996985045827305,0,None,i7181,1111,5.771680815533571e-05
1727716091,1727717338,1247,module load GCCcore/10.3.0 Python && source /data/horse/ws/s4122485-compPerfDD/benchmark/venv/bin/activate && python main_omniopt.py PokerHand 1000 SemiParametricLogLikelihood n_samples 100 n_clusters 1 threshold 0.0221152216996418,100,1,0.0221152216996418,0.28070791123974914,0,None,i7186,1239,5.8449145195176746e-05
1727715911,1727717346,1435,module load GCCcore/10.3.0 Python && source /data/horse/ws/s4122485-compPerfDD/benchmark/venv/bin/activate && python main_omniopt.py PokerHand 1000 SemiParametricLogLikelihood n_samples 100 n_clusters 4 threshold 0.07,100,4,0.07,0.2796237337192474,0,None,i7186,1427,5.7657761638832915e-05
1727716231,1727717390,1159,module load GCCcore/10.3.0 Python && source /data/horse/ws/s4122485-compPerfDD/benchmark/venv/bin/activate && python main_omniopt.py PokerHand 1000 SemiParametricLogLikelihood n_samples 282 n_clusters 1 threshold 0.07,282,1,0.07,0.2969958996623251,0,None,i7181,1152,0.00013617462000576746
1727716110,1727717430,1320,module load GCCcore/10.3.0 Python && source /data/horse/ws/s4122485-compPerfDD/benchmark/venv/bin/activate && python main_omniopt.py PokerHand 1000 SemiParametricLogLikelihood n_samples 206 n_clusters 4 threshold 0.042859798568032834,206,4,0.042859798568032834,0.29206343463579354,0,None,i7174,1313,0.00010412014197448097
1727716091,1727717435,1344,module load GCCcore/10.3.0 Python && source /data/horse/ws/s4122485-compPerfDD/benchmark/venv/bin/activate && python main_omniopt.py PokerHand 1000 SemiParametricLogLikelihood n_samples 100 n_clusters 2 threshold 0.023079204299511637,100,2,0.023079204299511637,0.28088398456343466,0,None,i7186,1336,5.871372486543883e-05
1727715983,1727717460,1477,module load GCCcore/10.3.0 Python && source /data/horse/ws/s4122485-compPerfDD/benchmark/venv/bin/activate && python main_omniopt.py PokerHand 1000 SemiParametricLogLikelihood n_samples 100 n_clusters 4 threshold 0.038323906600482335,100,4,0.038323906600482335,0.28048842257597684,0,None,i7186,1469,5.857855518832531e-05
1727716071,1727717479,1408,module load GCCcore/10.3.0 Python && source /data/horse/ws/s4122485-compPerfDD/benchmark/venv/bin/activate && python main_omniopt.py PokerHand 1000 SemiParametricLogLikelihood n_samples 103 n_clusters 3 threshold 0.04302556059322018,103,3,0.04302556059322018,0.28151712493970094,0,None,i7186,1401,5.923280881623557e-05
1727716131,1727717485,1354,module load GCCcore/10.3.0 Python && source /data/horse/ws/s4122485-compPerfDD/benchmark/venv/bin/activate && python main_omniopt.py PokerHand 1000 SemiParametricLogLikelihood n_samples 118 n_clusters 4 threshold 0.046734783458489595,118,4,0.046734783458489595,0.28760974433188613,0,None,i7181,1348,6.270875753303585e-05
1727716051,1727717519,1468,module load GCCcore/10.3.0 Python && source /data/horse/ws/s4122485-compPerfDD/benchmark/venv/bin/activate && python main_omniopt.py PokerHand 1000 SemiParametricLogLikelihood n_samples 100 n_clusters 4 threshold 0.032655442336023285,100,4,0.032655442336023285,0.28062831644958997,0,None,i7186,1461,5.8707128883802474e-05
1727716171,1727717541,1370,module load GCCcore/10.3.0 Python && source /data/horse/ws/s4122485-compPerfDD/benchmark/venv/bin/activate && python main_omniopt.py PokerHand 1000 SemiParametricLogLikelihood n_samples 100 n_clusters 3 threshold 0.07,100,3,0.07,0.27969247467438496,0,None,i7181,1363,5.725575564345531e-05
1727716091,1727717564,1473,module load GCCcore/10.3.0 Python && source /data/horse/ws/s4122485-compPerfDD/benchmark/venv/bin/activate && python main_omniopt.py PokerHand 1000 SemiParametricLogLikelihood n_samples 100 n_clusters 4 threshold 0.04059820595272709,100,4,0.04059820595272709,0.2804064158224795,0,None,i7181,1467,5.8521682245741934e-05
1727716110,1727717566,1456,module load GCCcore/10.3.0 Python && source /data/horse/ws/s4122485-compPerfDD/benchmark/venv/bin/activate && python main_omniopt.py PokerHand 1000 SemiParametricLogLikelihood n_samples 100 n_clusters 3 threshold 0.002,100,3,0.002,0.2833719247467439,0,None,i7174,1449,6.334486070980217e-05
1727716191,1727717611,1420,module load GCCcore/10.3.0 Python && source /data/horse/ws/s4122485-compPerfDD/benchmark/venv/bin/activate && python main_omniopt.py PokerHand 1000 SemiParametricLogLikelihood n_samples 357 n_clusters 1 threshold 0.07,357,1,0.07,0.3057489146164978,0,None,i7186,1413,0.00017070014455955232
1727716151,1727717624,1473,module load GCCcore/10.3.0 Python && source /data/horse/ws/s4122485-compPerfDD/benchmark/venv/bin/activate && python main_omniopt.py PokerHand 1000 SemiParametricLogLikelihood n_samples 100 n_clusters 4 threshold 0.047511592864716984,100,4,0.047511592864716984,0.28028943560057884,0,None,i7181,1467,5.841031714501646e-05
1727716162,1727717644,1482,module load GCCcore/10.3.0 Python && source /data/horse/ws/s4122485-compPerfDD/benchmark/venv/bin/activate && python main_omniopt.py PokerHand 1000 SemiParametricLogLikelihood n_samples 100 n_clusters 4 threshold 0.047027396821175335,100,4,0.047027396821175335,0.28045947901591894,0,None,i7186,1474,5.836071243299326e-05
1727715950,1727717663,1713,module load GCCcore/10.3.0 Python && source /data/horse/ws/s4122485-compPerfDD/benchmark/venv/bin/activate && python main_omniopt.py PokerHand 1000 SemiParametricLogLikelihood n_samples 190 n_clusters 2 threshold 0.002,190,2,0.002,0.2985395561987457,0,None,i7181,1706,0.00011945397263170278
1727717271,1727718326,1055,module load GCCcore/10.3.0 Python && source /data/horse/ws/s4122485-compPerfDD/benchmark/venv/bin/activate && python main_omniopt.py PokerHand 1000 SemiParametricLogLikelihood n_samples 100 n_clusters 1 threshold 0.07,100,1,0.07,0.27893994211287987,0,None,i7174,1048,5.6017768820726886e-05
1727717232,1727718489,1257,module load GCCcore/10.3.0 Python && source /data/horse/ws/s4122485-compPerfDD/benchmark/venv/bin/activate && python main_omniopt.py PokerHand 1000 SemiParametricLogLikelihood n_samples 100 n_clusters 3 threshold 0.049433147990272805,100,3,0.049433147990272805,0.2800349734684032,0,None,i7174,1248,5.8052655136147696e-05
1727717392,1727718655,1263,module load GCCcore/10.3.0 Python && source /data/horse/ws/s4122485-compPerfDD/benchmark/venv/bin/activate && python main_omniopt.py PokerHand 1000 SemiParametricLogLikelihood n_samples 324 n_clusters 1 threshold 0.07,324,1,0.07,0.2991956102267246,0,None,i7181,1256,0.00015519175695676455
1727717545,1727718693,1148,module load GCCcore/10.3.0 Python && source /data/horse/ws/s4122485-compPerfDD/benchmark/venv/bin/activate && python main_omniopt.py PokerHand 1000 SemiParametricLogLikelihood n_samples 100 n_clusters 1 threshold 0.07,100,1,0.07,0.27893994211287987,0,None,i7186,1141,5.6017768820726886e-05
1727717485,1727718719,1234,module load GCCcore/10.3.0 Python && source /data/horse/ws/s4122485-compPerfDD/benchmark/venv/bin/activate && python main_omniopt.py PokerHand 1000 SemiParametricLogLikelihood n_samples 100 n_clusters 1 threshold 0.033268078006597236,100,1,0.033268078006597236,0.28020501688374333,0,None,i7186,1227,5.815331648281261e-05
1727717454,1727718740,1286,module load GCCcore/10.3.0 Python && source /data/horse/ws/s4122485-compPerfDD/benchmark/venv/bin/activate && python main_omniopt.py PokerHand 1000 SemiParametricLogLikelihood n_samples 100 n_clusters 2 threshold 0.06295185780596389,100,2,0.06295185780596389,0.2795320791123975,0,None,i7186,1279,5.706076545329986e-05
1727717312,1727718744,1432,module load GCCcore/10.3.0 Python && source /data/horse/ws/s4122485-compPerfDD/benchmark/venv/bin/activate && python main_omniopt.py PokerHand 1000 SemiParametricLogLikelihood n_samples 291 n_clusters 4 threshold 0.07,291,4,0.07,0.29552942595272547,0,None,i7181,1426,0.0001438135829898276
1727717412,1727718797,1385,module load GCCcore/10.3.0 Python && source /data/horse/ws/s4122485-compPerfDD/benchmark/venv/bin/activate && python main_omniopt.py PokerHand 1000 SemiParametricLogLikelihood n_samples 387 n_clusters 1 threshold 0.07,387,1,0.07,0.30094307766521944,0,None,i7181,1379,0.0001918985480331111
1727717665,1727718825,1160,module load GCCcore/10.3.0 Python && source /data/horse/ws/s4122485-compPerfDD/benchmark/venv/bin/activate && python main_omniopt.py PokerHand 1000 SemiParametricLogLikelihood n_samples 100 n_clusters 1 threshold 0.05781409784822763,100,1,0.05781409784822763,0.2794753979739508,0,None,i7181,1153,5.6754540751503714e-05
1727717604,1727718919,1315,module load GCCcore/10.3.0 Python && source /data/horse/ws/s4122485-compPerfDD/benchmark/venv/bin/activate && python main_omniopt.py PokerHand 1000 SemiParametricLogLikelihood n_samples 343 n_clusters 1 threshold 0.04563310092106524,343,1,0.04563310092106524,0.3014761215629522,0,None,i7174,1307,0.00017332056815606064
1727717514,1727719061,1547,module load GCCcore/10.3.0 Python && source /data/horse/ws/s4122485-compPerfDD/benchmark/venv/bin/activate && python main_omniopt.py PokerHand 1000 SemiParametricLogLikelihood n_samples 371 n_clusters 1 threshold 0.052301360043208386,371,1,0.052301360043208386,0.30170887602508445,0,None,i7181,1539,0.00018635863464398027
1727717353,1727719156,1803,module load GCCcore/10.3.0 Python && source /data/horse/ws/s4122485-compPerfDD/benchmark/venv/bin/activate && python main_omniopt.py PokerHand 1000 SemiParametricLogLikelihood n_samples 342 n_clusters 4 threshold 0.07,342,4,0.07,0.3018186203569706,0,None,i7186,1793,0.0001718156840537763
1727717392,1727719182,1790,module load GCCcore/10.3.0 Python && source /data/horse/ws/s4122485-compPerfDD/benchmark/venv/bin/activate && python main_omniopt.py PokerHand 1000 SemiParametricLogLikelihood n_samples 324 n_clusters 4 threshold 0.05477868982941621,324,4,0.05477868982941621,0.2993777134587554,0,None,i7186,1783,0.00016362699823172243
1727717574,1727719323,1749,module load GCCcore/10.3.0 Python && source /data/horse/ws/s4122485-compPerfDD/benchmark/venv/bin/activate && python main_omniopt.py PokerHand 1000 SemiParametricLogLikelihood n_samples 323 n_clusters 4 threshold 0.055292102164286774,323,4,0.055292102164286774,0.29904003859141337,0,None,i7181,1742,0.00016263102520372544
1727717474,1727719352,1878,module load GCCcore/10.3.0 Python && source /data/horse/ws/s4122485-compPerfDD/benchmark/venv/bin/activate && python main_omniopt.py PokerHand 1000 SemiParametricLogLikelihood n_samples 370 n_clusters 4 threshold 0.07,370,4,0.07,0.3017908827785818,0,None,i7186,1871,0.00018675049984485362
1727717694,1727719543,1849,module load GCCcore/10.3.0 Python && source /data/horse/ws/s4122485-compPerfDD/benchmark/venv/bin/activate && python main_omniopt.py PokerHand 1000 SemiParametricLogLikelihood n_samples 300 n_clusters 1 threshold 0.002,300,1,0.002,0.2997419199228172,0,None,i7181,1842,0.00019077791312536077
1727717634,1727719597,1963,module load GCCcore/10.3.0 Python && source /data/horse/ws/s4122485-compPerfDD/benchmark/venv/bin/activate && python main_omniopt.py PokerHand 1000 SemiParametricLogLikelihood n_samples 350 n_clusters 4 threshold 0.048598769705098493,350,4,0.048598769705098493,0.3001603955619875,0,None,i7186,1955,0.00018046512405106842
1727717654,1727719623,1969,module load GCCcore/10.3.0 Python && source /data/horse/ws/s4122485-compPerfDD/benchmark/venv/bin/activate && python main_omniopt.py PokerHand 1000 SemiParametricLogLikelihood n_samples 286 n_clusters 1 threshold 0.002,286,1,0.002,0.2987409551374819,0,None,i7186,1962,0.00018168384967469383
1727717605,1727719651,2046,module load GCCcore/10.3.0 Python && source /data/horse/ws/s4122485-compPerfDD/benchmark/venv/bin/activate && python main_omniopt.py PokerHand 1000 SemiParametricLogLikelihood n_samples 374 n_clusters 4 threshold 0.03842177293205992,374,4,0.03842177293205992,0.2979100337674867,0,None,i7181,2039,0.00019780559038840066
1727717514,1727719727,2213,module load GCCcore/10.3.0 Python && source /data/horse/ws/s4122485-compPerfDD/benchmark/venv/bin/activate && python main_omniopt.py PokerHand 1000 SemiParametricLogLikelihood n_samples 271 n_clusters 4 threshold 0.002,271,4,0.002,0.2978195851423059,0,None,i7174,2206,0.00018076786779989444
1727718717,1727719864,1147,module load GCCcore/10.3.0 Python && source /data/horse/ws/s4122485-compPerfDD/benchmark/venv/bin/activate && python main_omniopt.py PokerHand 1000 SemiParametricLogLikelihood n_samples 100 n_clusters 1 threshold 0.06333226605367266,100,1,0.06333226605367266,0.27930414857694164,0,None,i7186,1139,5.644255507316289e-05
1727718837,1727720658,1821,module load GCCcore/10.3.0 Python && source /data/horse/ws/s4122485-compPerfDD/benchmark/venv/bin/activate && python main_omniopt.py PokerHand 1000 SemiParametricLogLikelihood n_samples 328 n_clusters 4 threshold 0.052860827937289856,328,4,0.052860827937289856,0.29823203087313077,0,None,i7181,1813,0.00016792407990692658
1727718777,1727720744,1967,module load GCCcore/10.3.0 Python && source /data/horse/ws/s4122485-compPerfDD/benchmark/venv/bin/activate && python main_omniopt.py PokerHand 1000 SemiParametricLogLikelihood n_samples 337 n_clusters 3 threshold 0.026075317321881862,337,3,0.026075317321881862,0.2963844669561023,0,None,i7181,1960,0.00018523906224643817
1727718777,1727720760,1983,module load GCCcore/10.3.0 Python && source /data/horse/ws/s4122485-compPerfDD/benchmark/venv/bin/activate && python main_omniopt.py PokerHand 1000 SemiParametricLogLikelihood n_samples 281 n_clusters 4 threshold 0.00999398164722847,281,4,0.00999398164722847,0.29008924264351177,0,None,i7186,1976,0.00015831493789107058
1727719198,1727721033,1835,module load GCCcore/10.3.0 Python && source /data/horse/ws/s4122485-compPerfDD/benchmark/venv/bin/activate && python main_omniopt.py PokerHand 1000 SemiParametricLogLikelihood n_samples 286 n_clusters 3 threshold 0.011965734444228103,286,3,0.011965734444228103,0.29075132657983593,0,None,i7186,1828,0.00015868484599228081
1727719368,1727721068,1700,module load GCCcore/10.3.0 Python && source /data/horse/ws/s4122485-compPerfDD/benchmark/venv/bin/activate && python main_omniopt.py PokerHand 1000 SemiParametricLogLikelihood n_samples 287 n_clusters 2 threshold 0.012962078311473899,287,2,0.012962078311473899,0.29180776652194884,0,None,i7186,1693,0.00015672835775779438
1727719228,1727721237,2009,module load GCCcore/10.3.0 Python && source /data/horse/ws/s4122485-compPerfDD/benchmark/venv/bin/activate && python main_omniopt.py PokerHand 1000 SemiParametricLogLikelihood n_samples 332 n_clusters 3 threshold 0.02250520059847036,332,3,0.02250520059847036,0.2956560540279788,0,None,i7186,2001,0.0001831269460158751
1727720810,1727722425,1615,module load GCCcore/10.3.0 Python && source /data/horse/ws/s4122485-compPerfDD/benchmark/venv/bin/activate && python main_omniopt.py PokerHand 1000 SemiParametricLogLikelihood n_samples 268 n_clusters 4 threshold 0.03832530444352555,268,4,0.03832530444352555,0.2896900627110468,0,None,i7181,1608,0.00013992728742748175
1727721261,1727724302,3041,module load GCCcore/10.3.0 Python && source /data/horse/ws/s4122485-compPerfDD/benchmark/venv/bin/activate && python main_omniopt.py PokerHand 1000 SemiParametricLogLikelihood n_samples 865 n_clusters 4 threshold 0.06468968633934856,865,4,0.06468968633934856,0.32939821514712975,0,None,i7186,3032,0.0004087270026470102
1727722750,1727725192,2442,module load GCCcore/10.3.0 Python && source /data/horse/ws/s4122485-compPerfDD/benchmark/venv/bin/activate && python main_omniopt.py PokerHand 1000 SemiParametricLogLikelihood n_samples 531 n_clusters 4 threshold 0.019453932852693902,531,4,0.019453932852693902,0.3114146164978292,0,None,i7181,2435,0.000284628470304633
1727726754,1727729949,3195,module load GCCcore/10.3.0 Python && source /data/horse/ws/s4122485-compPerfDD/benchmark/venv/bin/activate && python main_omniopt.py PokerHand 1000 SemiParametricLogLikelihood n_samples 919 n_clusters 3 threshold 0.05711586515261802,919,3,0.05711586515261802,0.32893753014954175,0,None,i7186,3183,0.0004487918460658031
1727727154,1727730037,2883,module load GCCcore/10.3.0 Python && source /data/horse/ws/s4122485-compPerfDD/benchmark/venv/bin/activate && python main_omniopt.py PokerHand 1000 SemiParametricLogLikelihood n_samples 919 n_clusters 3 threshold 0.0571080648896541,919,3,0.0571080648896541,0.3287349252291365,0,None,i7174,2876,0.0004491064499794759
1727728578,1727731571,2993,module load GCCcore/10.3.0 Python && source /data/horse/ws/s4122485-compPerfDD/benchmark/venv/bin/activate && python main_omniopt.py PokerHand 1000 SemiParametricLogLikelihood n_samples 888 n_clusters 1 threshold 0.014440672567124035,888,1,0.014440672567124035,0.3336143270622286,0,None,i7186,2986,0.0004463817142130147
1727730693,1727732564,1871,module load GCCcore/10.3.0 Python && source /data/horse/ws/s4122485-compPerfDD/benchmark/venv/bin/activate && python main_omniopt.py PokerHand 1000 SemiParametricLogLikelihood n_samples 446 n_clusters 4 threshold 0.07,446,4,0.07,0.30926796912686927,0,None,i7181,1864,0.0002187749892906093
1727730873,1727733560,2687,module load GCCcore/10.3.0 Python && source /data/horse/ws/s4122485-compPerfDD/benchmark/venv/bin/activate && python main_omniopt.py PokerHand 1000 SemiParametricLogLikelihood n_samples 836 n_clusters 1 threshold 0.002,836,1,0.002,0.33339966232513263,0,None,i7174,2680,0.0004279094987831374
1727730853,1727733855,3002,module load GCCcore/10.3.0 Python && source /data/horse/ws/s4122485-compPerfDD/benchmark/venv/bin/activate && python main_omniopt.py PokerHand 1000 SemiParametricLogLikelihood n_samples 778 n_clusters 4 threshold 0.04311482335538145,778,4,0.04311482335538145,0.3217293777134588,0,None,i7174,2996,0.0004024865506826905
1727730693,1727734004,3311,module load GCCcore/10.3.0 Python && source /data/horse/ws/s4122485-compPerfDD/benchmark/venv/bin/activate && python main_omniopt.py PokerHand 1000 SemiParametricLogLikelihood n_samples 777 n_clusters 4 threshold 0.002,777,4,0.002,0.3250880366618427,0,None,i7181,3305,0.000413660229313667
1727734818,1727736334,1516,module load GCCcore/10.3.0 Python && source /data/horse/ws/s4122485-compPerfDD/benchmark/venv/bin/activate && python main_omniopt.py PokerHand 1000 SemiParametricLogLikelihood n_samples 402 n_clusters 1 threshold 0.01887719482618099,402,1,0.01887719482618099,0.2984635793535938,0,None,i7174,1509,0.0002125721221971558
1727734759,1727737514,2755,module load GCCcore/10.3.0 Python && source /data/horse/ws/s4122485-compPerfDD/benchmark/venv/bin/activate && python main_omniopt.py PokerHand 1000 SemiParametricLogLikelihood n_samples 362 n_clusters 4 threshold 0.002,362,4,0.002,0.30383019778099374,0,None,i7186,2747,0.00023234414292524054
1727736445,1727738527,2082,module load GCCcore/10.3.0 Python && source /data/horse/ws/s4122485-compPerfDD/benchmark/venv/bin/activate && python main_omniopt.py PokerHand 1000 SemiParametricLogLikelihood n_samples 364 n_clusters 3 threshold 0.014487648241393902,364,3,0.014487648241393902,0.2979377713458755,0,None,i7186,2075,0.00020101866059676096
1727737636,1727740649,3013,module load GCCcore/10.3.0 Python && source /data/horse/ws/s4122485-compPerfDD/benchmark/venv/bin/activate && python main_omniopt.py PokerHand 1000 SemiParametricLogLikelihood n_samples 916 n_clusters 3 threshold 0.05765546732940008,916,3,0.05765546732940008,0.3277050168837433,0,None,i7181,3007,0.0004465453263571933
1727740295,1727741374,1079,module load GCCcore/10.3.0 Python && source /data/horse/ws/s4122485-compPerfDD/benchmark/venv/bin/activate && python main_omniopt.py PokerHand 1000 SemiParametricLogLikelihood n_samples 100 n_clusters 1 threshold 0.07,100,1,0.07,0.27893994211287987,0,None,i7181,1073,5.6017768820726886e-05
1727742940,1727746127,3187,module load GCCcore/10.3.0 Python && source /data/horse/ws/s4122485-compPerfDD/benchmark/venv/bin/activate && python main_omniopt.py PokerHand 1000 SemiParametricLogLikelihood n_samples 917 n_clusters 3 threshold 0.05800787713008448,917,3,0.05800787713008448,0.32827785817655575,0,None,i7186,3179,0.00044635072548438094
1727746991,1727748421,1430,module load GCCcore/10.3.0 Python && source /data/horse/ws/s4122485-compPerfDD/benchmark/venv/bin/activate && python main_omniopt.py PokerHand 1000 SemiParametricLogLikelihood n_samples 247 n_clusters 4 threshold 0.07,247,4,0.07,0.2908176555716353,0,None,i7181,1424,0.0001238704367452797
1727745615,1727748597,2982,module load GCCcore/10.3.0 Python && source /data/horse/ws/s4122485-compPerfDD/benchmark/venv/bin/activate && python main_omniopt.py PokerHand 1000 SemiParametricLogLikelihood n_samples 865 n_clusters 4 threshold 0.06504393972198451,865,4,0.06504393972198451,0.329048480463097,0,None,i7186,2971,0.0004080663821367542
1727745661,1727748805,3144,module load GCCcore/10.3.0 Python && source /data/horse/ws/s4122485-compPerfDD/benchmark/venv/bin/activate && python main_omniopt.py PokerHand 1000 SemiParametricLogLikelihood n_samples 921 n_clusters 3 threshold 0.04955661315011874,921,3,0.04955661315011874,0.32896647370959964,0,None,i7181,3138,0.00046017994475528557
1727748393,1727749485,1092,module load GCCcore/10.3.0 Python && source /data/horse/ws/s4122485-compPerfDD/benchmark/venv/bin/activate && python main_omniopt.py PokerHand 1000 SemiParametricLogLikelihood n_samples 125 n_clusters 1 threshold 0.07,125,1,0.07,0.2861070911722142,0,None,i7186,1078,6.46759672273835e-05
1727748492,1727749514,1022,module load GCCcore/10.3.0 Python && source /data/horse/ws/s4122485-compPerfDD/benchmark/venv/bin/activate && python main_omniopt.py PokerHand 1000 SemiParametricLogLikelihood n_samples 100 n_clusters 1 threshold 0.07,100,1,0.07,0.27893994211287987,0,None,i7174,1005,5.6017768820726886e-05
1727748650,1727752018,3368,module load GCCcore/10.3.0 Python && source /data/horse/ws/s4122485-compPerfDD/benchmark/venv/bin/activate && python main_omniopt.py PokerHand 1000 SemiParametricLogLikelihood n_samples 921 n_clusters 3 threshold 0.04322097588536243,921,3,0.04322097588536243,0.3285311143270623,0,None,i7186,3361,0.0004638275075141934
1727749846,1727753230,3384,module load GCCcore/10.3.0 Python && source /data/horse/ws/s4122485-compPerfDD/benchmark/venv/bin/activate && python main_omniopt.py PokerHand 1000 SemiParametricLogLikelihood n_samples 918 n_clusters 3 threshold 0.04799416723797797,918,3,0.04799416723797797,0.32914857694163047,0,None,i7186,3376,0.00045915882682716775
1727751324,1727754561,3237,module load GCCcore/10.3.0 Python && source /data/horse/ws/s4122485-compPerfDD/benchmark/venv/bin/activate && python main_omniopt.py PokerHand 1000 SemiParametricLogLikelihood n_samples 918 n_clusters 3 threshold 0.04799719194859555,918,3,0.04799719194859555,0.32936806560540277,0,None,i7181,3230,0.00045880987823611476
1727751277,1727754674,3397,module load GCCcore/10.3.0 Python && source /data/horse/ws/s4122485-compPerfDD/benchmark/venv/bin/activate && python main_omniopt.py PokerHand 1000 SemiParametricLogLikelihood n_samples 919 n_clusters 3 threshold 0.04561874644703202,919,3,0.04561874644703202,0.3299746743849493,0,None,i7186,3376,0.0004585745296671491
1727753278,1727756041,2763,module load GCCcore/10.3.0 Python && source /data/horse/ws/s4122485-compPerfDD/benchmark/venv/bin/activate && python main_omniopt.py PokerHand 1000 SemiParametricLogLikelihood n_samples 870 n_clusters 1 threshold 0.029554058309777975,870,1,0.029554058309777975,0.33164616497829236,0,None,i7186,2753,0.0004279720688155854
1727753458,1727756835,3377,module load GCCcore/10.3.0 Python && source /data/horse/ws/s4122485-compPerfDD/benchmark/venv/bin/activate && python main_omniopt.py PokerHand 1000 SemiParametricLogLikelihood n_samples 919 n_clusters 3 threshold 0.04562099991029004,919,3,0.04562099991029004,0.32992884708152437,0,None,i7186,3370,0.00045791833375897394
1727760041,1727761175,1134,module load GCCcore/10.3.0 Python && source /data/horse/ws/s4122485-compPerfDD/benchmark/venv/bin/activate && python main_omniopt.py PokerHand 1000 SemiParametricLogLikelihood n_samples 100 n_clusters 1 threshold 0.07,100,1,0.07,0.27893994211287987,0,None,i7186,1124,5.6017768820726886e-05
1727764620,1727767717,3097,module load GCCcore/10.3.0 Python && source /data/horse/ws/s4122485-compPerfDD/benchmark/venv/bin/activate && python main_omniopt.py PokerHand 1000 SemiParametricLogLikelihood n_samples 916 n_clusters 3 threshold 0.04494275417251314,916,3,0.04494275417251314,0.3290822479498312,0,None,i7181,3090,0.0004578086070777936
1727764881,1727768265,3384,module load GCCcore/10.3.0 Python && source /data/horse/ws/s4122485-compPerfDD/benchmark/venv/bin/activate && python main_omniopt.py PokerHand 1000 SemiParametricLogLikelihood n_samples 916 n_clusters 3 threshold 0.04494759029660891,916,3,0.04494759029660891,0.3291232513265798,0,None,i7186,3376,0.0004591990901261354
1727768768,1727771374,2606,module load GCCcore/10.3.0 Python && source /data/horse/ws/s4122485-compPerfDD/benchmark/venv/bin/activate && python main_omniopt.py PokerHand 1000 SemiParametricLogLikelihood n_samples 885 n_clusters 1 threshold 0.01605009713368343,885,1,0.01605009713368343,0.3337361312108056,0,None,i7174,2600,0.0004427154950235411
1727771433,1727772553,1120,module load GCCcore/10.3.0 Python && source /data/horse/ws/s4122485-compPerfDD/benchmark/venv/bin/activate && python main_omniopt.py PokerHand 1000 SemiParametricLogLikelihood n_samples 100 n_clusters 1 threshold 0.07,100,1,0.07,0.27893994211287987,0,None,i7181,1112,5.6017768820726886e-05
1727772297,1727773456,1159,module load GCCcore/10.3.0 Python && source /data/horse/ws/s4122485-compPerfDD/benchmark/venv/bin/activate && python main_omniopt.py PokerHand 1000 SemiParametricLogLikelihood n_samples 100 n_clusters 1 threshold 0.07,100,1,0.07,0.27893994211287987,0,None,i7186,1146,5.6017768820726886e-05
1727772335,1727773489,1154,module load GCCcore/10.3.0 Python && source /data/horse/ws/s4122485-compPerfDD/benchmark/venv/bin/activate && python main_omniopt.py PokerHand 1000 SemiParametricLogLikelihood n_samples 100 n_clusters 1 threshold 0.07,100,1,0.07,0.27893994211287987,0,None,i7186,1144,5.6017768820726886e-05
1727772394,1727773509,1115,module load GCCcore/10.3.0 Python && source /data/horse/ws/s4122485-compPerfDD/benchmark/venv/bin/activate && python main_omniopt.py PokerHand 1000 SemiParametricLogLikelihood n_samples 100 n_clusters 1 threshold 0.07,100,1,0.07,0.27893994211287987,0,None,i7181,1106,5.6017768820726886e-05
1727772357,1727773510,1153,module load GCCcore/10.3.0 Python && source /data/horse/ws/s4122485-compPerfDD/benchmark/venv/bin/activate && python main_omniopt.py PokerHand 1000 SemiParametricLogLikelihood n_samples 100 n_clusters 1 threshold 0.07,100,1,0.07,0.27893994211287987,0,None,i7186,1144,5.6017768820726886e-05
1727772426,1727773541,1115,module load GCCcore/10.3.0 Python && source /data/horse/ws/s4122485-compPerfDD/benchmark/venv/bin/activate && python main_omniopt.py PokerHand 1000 SemiParametricLogLikelihood n_samples 100 n_clusters 1 threshold 0.07,100,1,0.07,0.27893994211287987,0,None,i7181,1107,5.6017768820726886e-05
1727773624,1727774707,1083,module load GCCcore/10.3.0 Python && source /data/horse/ws/s4122485-compPerfDD/benchmark/venv/bin/activate && python main_omniopt.py PokerHand 1000 SemiParametricLogLikelihood n_samples 163 n_clusters 1 threshold 0.05940118961868048,163,1,0.05940118961868048,0.2848396044380126,0,None,i7186,1075,8.213014659218598e-05
1727773606,1727774727,1121,module load GCCcore/10.3.0 Python && source /data/horse/ws/s4122485-compPerfDD/benchmark/venv/bin/activate && python main_omniopt.py PokerHand 1000 SemiParametricLogLikelihood n_samples 108 n_clusters 1 threshold 0.07,108,1,0.07,0.28265798359864935,0,None,i7186,1113,5.827276597449941e-05
1727773644,1727774945,1301,module load GCCcore/10.3.0 Python && source /data/horse/ws/s4122485-compPerfDD/benchmark/venv/bin/activate && python main_omniopt.py PokerHand 1000 SemiParametricLogLikelihood n_samples 113 n_clusters 1 threshold 0.002,113,1,0.002,0.2884418716835504,0,None,i7181,1293,6.727595086410139e-05
1727773657,1727774966,1309,module load GCCcore/10.3.0 Python && source /data/horse/ws/s4122485-compPerfDD/benchmark/venv/bin/activate && python main_omniopt.py PokerHand 1000 SemiParametricLogLikelihood n_samples 159 n_clusters 4 threshold 0.04996229063347699,159,4,0.04996229063347699,0.2842993246502653,0,None,i7181,1301,8.228363856119696e-05
1727774196,1727775351,1155,module load GCCcore/10.3.0 Python && source /data/horse/ws/s4122485-compPerfDD/benchmark/venv/bin/activate && python main_omniopt.py PokerHand 1000 SemiParametricLogLikelihood n_samples 112 n_clusters 1 threshold 0.020549061989948582,112,1,0.020549061989948582,0.28486251808972507,0,None,i7186,1147,6.12085558482532e-05
1727774408,1727775421,1013,module load GCCcore/10.3.0 Python && source /data/horse/ws/s4122485-compPerfDD/benchmark/venv/bin/activate && python main_omniopt.py PokerHand 1000 SemiParametricLogLikelihood n_samples 167 n_clusters 1 threshold 0.07,167,1,0.07,0.2868330921369995,0,None,i7181,1006,8.243126384837429e-05
1727774395,1727775462,1067,module load GCCcore/10.3.0 Python && source /data/horse/ws/s4122485-compPerfDD/benchmark/venv/bin/activate && python main_omniopt.py PokerHand 1000 SemiParametricLogLikelihood n_samples 105 n_clusters 1 threshold 0.07,105,1,0.07,0.2797612156295224,0,None,i7181,1060,5.78215529810902e-05
1727774433,1727775484,1051,module load GCCcore/10.3.0 Python && source /data/horse/ws/s4122485-compPerfDD/benchmark/venv/bin/activate && python main_omniopt.py PokerHand 1000 SemiParametricLogLikelihood n_samples 110 n_clusters 1 threshold 0.07,110,1,0.07,0.28342981186685967,0,None,i7181,1043,5.850466371966759e-05
1727774285,1727775938,1653,module load GCCcore/10.3.0 Python && source /data/horse/ws/s4122485-compPerfDD/benchmark/venv/bin/activate && python main_omniopt.py PokerHand 1000 SemiParametricLogLikelihood n_samples 114 n_clusters 4 threshold 0.002,114,4,0.002,0.28917028461167393,0,None,i7186,1645,6.945272378627905e-05
1727774769,1727776081,1312,module load GCCcore/10.3.0 Python && source /data/horse/ws/s4122485-compPerfDD/benchmark/venv/bin/activate && python main_omniopt.py PokerHand 1000 SemiParametricLogLikelihood n_samples 117 n_clusters 1 threshold 0.002,117,1,0.002,0.29080197780993733,0,None,i7186,1303,6.883179070186864e-05
1727775536,1727776619,1083,module load GCCcore/10.3.0 Python && source /data/horse/ws/s4122485-compPerfDD/benchmark/venv/bin/activate && python main_omniopt.py PokerHand 1000 SemiParametricLogLikelihood n_samples 102 n_clusters 1 threshold 0.07,102,1,0.07,0.27918837433671007,0,None,i7181,1076,5.698420600154902e-05
1727775556,1727776813,1257,module load GCCcore/10.3.0 Python && source /data/horse/ws/s4122485-compPerfDD/benchmark/venv/bin/activate && python main_omniopt.py PokerHand 1000 SemiParametricLogLikelihood n_samples 245 n_clusters 1 threshold 0.024820692189045875,245,1,0.024820692189045875,0.2910576459237819,0,None,i7181,1250,0.0001270508484617711
1727775400,1727777092,1692,module load GCCcore/10.3.0 Python && source /data/horse/ws/s4122485-compPerfDD/benchmark/venv/bin/activate && python main_omniopt.py PokerHand 1000 SemiParametricLogLikelihood n_samples 239 n_clusters 4 threshold 0.014514762002610608,239,4,0.014514762002610608,0.2865979257115292,0,None,i7186,1683,0.00013056010768494475
1727776344,1727777558,1214,module load GCCcore/10.3.0 Python && source /data/horse/ws/s4122485-compPerfDD/benchmark/venv/bin/activate && python main_omniopt.py PokerHand 1000 SemiParametricLogLikelihood n_samples 220 n_clusters 1 threshold 0.03168081076234727,220,1,0.03168081076234727,0.2942812349252292,0,None,i7181,1203,0.00011073494495062942
1727776452,1727777633,1181,module load GCCcore/10.3.0 Python && source /data/horse/ws/s4122485-compPerfDD/benchmark/venv/bin/activate && python main_omniopt.py PokerHand 1000 SemiParametricLogLikelihood n_samples 238 n_clusters 1 threshold 0.03364093080687148,238,1,0.03364093080687148,0.29184876989869757,0,None,i7174,1162,0.00012145650246451449
1727775844,1727778133,2289,module load GCCcore/10.3.0 Python && source /data/horse/ws/s4122485-compPerfDD/benchmark/venv/bin/activate && python main_omniopt.py PokerHand 1000 SemiParametricLogLikelihood n_samples 234 n_clusters 4 threshold 0.002,234,4,0.002,0.2955004823926677,0,None,i7186,2278,0.00015510293247871635
1727777142,1727778602,1460,module load GCCcore/10.3.0 Python && source /data/horse/ws/s4122485-compPerfDD/benchmark/venv/bin/activate && python main_omniopt.py PokerHand 1000 SemiParametricLogLikelihood n_samples 233 n_clusters 4 threshold 0.05318373121407108,233,4,0.05318373121407108,0.2907404727448143,0,None,i7186,1445,0.00011753556259737955
1727778756,1727780327,1571,module load GCCcore/10.3.0 Python && source /data/horse/ws/s4122485-compPerfDD/benchmark/venv/bin/activate && python main_omniopt.py PokerHand 1000 SemiParametricLogLikelihood n_samples 248 n_clusters 4 threshold 0.030636921610069444,248,4,0.030636921610069444,0.28878557645923786,0,None,i7181,1563,0.0001304175525184949
1727780384,1727781667,1283,module load GCCcore/10.3.0 Python && source /data/horse/ws/s4122485-compPerfDD/benchmark/venv/bin/activate && python main_omniopt.py PokerHand 1000 SemiParametricLogLikelihood n_samples 165 n_clusters 4 threshold 0.06497037810819639,165,4,0.06497037810819639,0.2862059816690786,0,None,i7181,1275,8.297986426884451e-05
1727781471,1727782629,1158,module load GCCcore/10.3.0 Python && source /data/horse/ws/s4122485-compPerfDD/benchmark/venv/bin/activate && python main_omniopt.py PokerHand 1000 SemiParametricLogLikelihood n_samples 170 n_clusters 4 threshold 0.07,170,4,0.07,0.28729015918958034,0,None,i7174,1146,8.413977603723629e-05
1727781734,1727782805,1071,module load GCCcore/10.3.0 Python && source /data/horse/ws/s4122485-compPerfDD/benchmark/venv/bin/activate && python main_omniopt.py PokerHand 1000 SemiParametricLogLikelihood n_samples 193 n_clusters 1 threshold 0.07,193,1,0.07,0.2932585624698505,0,None,i7181,1063,9.309085910151046e-05
1727782275,1727783324,1049,module load GCCcore/10.3.0 Python && source /data/horse/ws/s4122485-compPerfDD/benchmark/venv/bin/activate && python main_omniopt.py PokerHand 1000 SemiParametricLogLikelihood n_samples 187 n_clusters 1 threshold 0.07,187,1,0.07,0.2882718282682103,0,None,i7186,1038,9.069811574902577e-05
1727782404,1727783457,1053,module load GCCcore/10.3.0 Python && source /data/horse/ws/s4122485-compPerfDD/benchmark/venv/bin/activate && python main_omniopt.py PokerHand 1000 SemiParametricLogLikelihood n_samples 181 n_clusters 1 threshold 0.06633023966676371,181,1,0.06633023966676371,0.28756632899179935,0,None,i7186,1043,8.794068406284791e-05
1727783948,1727785023,1075,module load GCCcore/10.3.0 Python && source /data/horse/ws/s4122485-compPerfDD/benchmark/venv/bin/activate && python main_omniopt.py PokerHand 1000 SemiParametricLogLikelihood n_samples 101 n_clusters 1 threshold 0.07,101,1,0.07,0.2785069946936807,0,None,i7174,996,5.6850189971903916e-05
1727783828,1727785408,1580,module load GCCcore/10.3.0 Python && source /data/horse/ws/s4122485-compPerfDD/benchmark/venv/bin/activate && python main_omniopt.py PokerHand 1000 SemiParametricLogLikelihood n_samples 482 n_clusters 1 threshold 0.07,482,1,0.07,0.30983598649300526,0,None,i7181,1572,0.00022891789934837572
1727784169,1727786368,2199,module load GCCcore/10.3.0 Python && source /data/horse/ws/s4122485-compPerfDD/benchmark/venv/bin/activate && python main_omniopt.py PokerHand 1000 SemiParametricLogLikelihood n_samples 481 n_clusters 1 threshold 0.004214777868382492,481,1,0.004214777868382492,0.31115533043897736,0,None,i7181,2191,0.0002703120251779221
1727785066,1727787503,2437,module load GCCcore/10.3.0 Python && source /data/horse/ws/s4122485-compPerfDD/benchmark/venv/bin/activate && python main_omniopt.py PokerHand 1000 SemiParametricLogLikelihood n_samples 481 n_clusters 3 threshold 0.022349295653730283,481,3,0.022349295653730283,0.3105619874577906,0,None,i7186,2419,0.0002559512835621385
1727785467,1727788791,3324,module load GCCcore/10.3.0 Python && source /data/horse/ws/s4122485-compPerfDD/benchmark/venv/bin/activate && python main_omniopt.py PokerHand 1000 SemiParametricLogLikelihood n_samples 920 n_clusters 3 threshold 0.04622698095584456,920,3,0.04622698095584456,0.32964785335262903,0,None,i7181,3317,0.0004590949453237101
1727787202,1727790745,3543,module load GCCcore/10.3.0 Python && source /data/horse/ws/s4122485-compPerfDD/benchmark/venv/bin/activate && python main_omniopt.py PokerHand 1000 SemiParametricLogLikelihood n_samples 739 n_clusters 4 threshold 0.002,739,4,0.002,0.32363121080559576,0,None,i7186,3535,0.00040263784980892366
1727790838,1727792253,1415,module load GCCcore/10.3.0 Python && source /data/horse/ws/s4122485-compPerfDD/benchmark/venv/bin/activate && python main_omniopt.py PokerHand 1000 SemiParametricLogLikelihood n_samples 104 n_clusters 4 threshold 0.07,104,4,0.07,0.2813482875060299,0,None,i7186,1408,5.903388135915276e-05
1727790718,1727792650,1932,module load GCCcore/10.3.0 Python && source /data/horse/ws/s4122485-compPerfDD/benchmark/venv/bin/activate && python main_omniopt.py PokerHand 1000 SemiParametricLogLikelihood n_samples 611 n_clusters 1 threshold 0.07,611,1,0.07,0.3173215147129763,0,None,i7186,1925,0.0002907523832717047
